config,f1_score,precision,recall,num_features
top_6_+response_relevance,0.8571428571428571,0.825,0.8918918918918919,6
top_2_politeness+exclamation,0.8533333333333334,0.8421052631578947,0.8648648648648649,2
top_4_+response_clarity,0.8461538461538461,0.8048780487804879,0.8918918918918919,4
top_5_+turn_length,0.8461538461538461,0.8048780487804879,0.8918918918918919,5
top_4_alt,0.8461538461538461,0.8048780487804879,0.8918918918918919,4
top_3_+task_complexity,0.8311688311688312,0.8,0.8648648648648649,3
best_3_diverse,0.8311688311688312,0.8,0.8648648648648649,3
top_1_politeness,0.8108108108108109,0.8108108108108109,0.8108108108108109,1
